Categoria,Cor,Pais de Origem,Ano Modelo,Ano Fabricação,Potencia,Quantidade de lugares,Unico dono?,Ja teve sinistro?,Ja foi carro de aplicativo?,Revisoes em dia?,Sistema avancado de Multimidia?,Tipo de Motorizacao,Kilometragem,Tipo de Transmissao,Tamanho do porta malas,Valor de Venda
4,azul,Alemanha,2026,2025,143,4,0,0,1,1,1,Híbrido,60459,3,430,112898.39
7,verde,Alemanha,2024,2024,541,5,0,0,1,1,0,Híbrido,105982,7,484,887822.26
2,prata,Japão,2026,2025,94,4,0,1,1,0,0,Flex,38626,3,321,55516.43
4,preto,Japão,2022,2021,159,4,1,1,0,0,1,Flex,91185,2,415,147030.87
2,azul,Coreia do Sul,2026,2025,114,4,0,0,0,0,1,Flex,26037,3,381,93719.67
6,cinza,Japão,2023,2022,274,7,1,0,1,1,1,Híbrido,273720,6,467,360835.36
7,prata,Inglaterra,2026,2025,580,7,0,1,0,1,0,Elétrico,25195,5,492,595305.35
1,preto,França,2024,2023,77,4,1,1,0,1,0,Flex,71548,3,281,62400.74
7,preto,Alemanha,2025,2024,461,7,1,0,0,1,1,Elétrico,51423,5,479,1475001.6
1,preto,França,2026,2025,74,4,0,0,1,1,1,Flex,61176,1,297,42800.0
8,vermelho,Itália,2025,2025,811,2,0,1,0,1,1,Gasolina,12860,8,130,7003596.07
4,verde,Japão,2022,2022,142,4,0,0,1,0,1,Híbrido,175757,2,423,104147.1
5,vermelho,Japão,2022,2021,196,5,0,1,1,1,0,Flex,223470,3,595,104476.44
5,vermelho,Alemanha,2026,2025,204,5,0,0,1,0,0,Flex,61465,3,591,135115.73
6,verde,Estados Unidos,2024,2023,269,5,1,0,1,0,0,Elétrico,132901,5,512,296318.67
2,preto,Japão,2026,2025,104,4,1,1,1,0,1,Flex,43100,2,370,53277.76
1,cinza,França,2023,2022,73,4,0,0,0,0,1,Flex,85084,2,259,42800.0
3,branco,Japão,2022,2022,133,4,0,0,1,0,0,Híbrido,185644,3,479,81175.83
8,prata,Itália,2024,2024,650,2,1,1,0,0,1,Híbrido,49917,8,124,1812181.15
5,vermelho,Coreia do Sul,2022,2022,175,5,1,0,1,1,1,Flex,201017,3,515,190199.07
1,cinza,Coreia do Sul,2025,2025,88,4,1,0,0,0,1,Flex,23007,1,227,54839.79
7,azul,Alemanha,2022,2022,594,7,1,0,1,1,1,Híbrido,249359,7,485,934840.25
6,azul,Inglaterra,2025,2024,289,5,1,1,1,1,0,Flex,128403,6,570,343121.77
5,preto,Estados Unidos,2025,2024,164,5,1,1,0,0,1,Híbrido,31725,3,529,246775.47
7,vermelho,Itália,2025,2025,371,5,0,0,0,1,0,Elétrico,14637,7,464,1380840.49
8,verde,Inglaterra,2024,2023,616,2,1,0,0,1,1,Elétrico,63844,6,197,8509786.77
8,cinza,Alemanha,2023,2023,958,2,0,1,0,0,0,Elétrico,58944,9,136,6961984.36
8,azul,Estados Unidos,2022,2021,1122,2,0,1,0,1,0,Elétrico,98924,9,165,6907950.63
2,preto,Coreia do Sul,2022,2021,106,4,1,1,0,1,0,Flex,83173,2,302,70242.0
8,verde,Itália,2023,2022,902,2,1,0,0,1,1,Híbrido,77931,6,88,9433305.05
1,azul,Coreia do Sul,2026,2025,84,4,0,0,1,1,0,Flex,77368,2,280,46919.05
8,branco,Estados Unidos,2024,2024,1111,2,0,1,0,1,1,Gasolina,36657,9,96,3603502.37
8,azul,Itália,2026,2025,1436,2,0,1,0,0,0,Híbrido,25872,6,181,5237827.14
4,prata,Coreia do Sul,2023,2022,129,4,0,1,0,0,1,Híbrido,94162,3,423,135496.59
5,preto,Coreia do Sul,2022,2022,174,5,1,1,0,1,0,Elétrico,75338,4,577,263133.49
6,verde,Japão,2022,2021,342,7,1,1,0,1,1,Flex,75009,5,497,466446.02
4,verde,Alemanha,2026,2025,129,4,0,1,0,0,0,Flex,23329,2,380,116329.51
7,azul,Estados Unidos,2025,2024,449,7,1,1,1,0,1,Híbrido,151009,7,411,370549.29
6,prata,Japão,2025,2025,381,5,0,0,0,1,0,Flex,24815,6,525,430799.61
5,prata,França,2025,2024,241,5,1,0,1,1,0,Híbrido,115740,2,466,223844.03
8,azul,Itália,2023,2023,1422,2,1,0,0,0,1,Gasolina,47759,6,162,3594461.09
4,azul,Coreia do Sul,2024,2023,148,4,1,0,0,1,1,Flex,75698,2,390,177718.71
8,branco,Itália,2024,2023,651,2,0,0,0,0,0,Gasolina,57159,9,153,8222615.02
3,vermelho,França,2023,2023,113,4,0,1,1,0,0,Flex,114765,2,501,55537.97
5,azul,Estados Unidos,2025,2024,208,5,1,0,0,1,1,Híbrido,36344,3,594,292208.07
7,verde,Inglaterra,2023,2022,459,5,1,0,1,0,1,Híbrido,239525,7,419,723321.56
1,vermelho,França,2026,2025,71,4,1,1,0,0,0,Flex,16596,3,213,58202.7
7,prata,Itália,2024,2023,374,7,1,1,1,0,0,Híbrido,225274,7,433,413297.44
7,verde,Alemanha,2023,2023,540,5,1,0,1,1,1,Híbrido,124350,5,449,476197.69
2,branco,Japão,2023,2023,91,4,0,0,1,1,0,Flex,179291,1,389,78467.85
7,prata,Estados Unidos,2023,2023,394,5,1,1,1,1,1,Híbrido,184158,7,439,830319.71
4,azul,França,2025,2024,122,4,1,0,0,1,1,Flex,26868,2,402,189900.39
3,preto,França,2023,2023,136,4,0,0,1,0,1,Flex,225234,3,476,68713.49
5,azul,França,2026,2025,208,5,1,1,1,1,1,Flex,78711,4,508,168045.8
5,vermelho,Alemanha,2025,2025,184,5,1,1,0,1,0,Flex,16304,3,489,234082.74
5,prata,França,2025,2025,171,5,0,1,0,1,1,Elétrico,15788,4,489,180496.38
5,vermelho,Coreia do Sul,2025,2025,225,5,0,1,1,1,0,Elétrico,38654,4,544,130600.79
7,prata,Inglaterra,2024,2023,384,7,0,0,1,1,1,Elétrico,146752,5,400,491956.34
8,branco,Inglaterra,2024,2023,962,2,0,0,0,0,0,Elétrico,58240,6,161,5774444.77
8,verde,Alemanha,2024,2023,1394,2,0,0,0,0,1,Elétrico,62570,6,173,1868527.65
1,preto,Itália,2025,2024,73,4,1,1,0,1,0,Flex,33506,2,251,56412.38
3,prata,França,2026,2025,111,4,0,1,1,0,0,Flex,46118,3,450,65905.57
4,preto,Japão,2026,2025,148,4,1,0,1,0,1,Flex,43742,2,381,117760.23
4,cinza,Estados Unidos,2022,2022,135,4,0,0,0,0,0,Híbrido,76149,2,414,164453.22
1,branco,Japão,2023,2023,78,4,0,1,1,0,1,Flex,145320,3,294,42800.0
1,preto,Japão,2026,2025,75,4,1,1,0,0,0,Flex,13156,1,228,56148.18
4,verde,Estados Unidos,2025,2024,133,4,0,0,1,0,0,Flex,140285,2,362,110189.27
4,azul,França,2026,2025,155,4,0,0,0,1,1,Flex,18347,3,361,114881.95
4,cinza,França,2023,2022,144,4,1,1,1,0,0,Híbrido,243280,2,405,92400.99
8,prata,Itália,2022,2021,1005,2,1,1,0,1,1,Elétrico,80206,8,181,6706333.87
3,prata,Coreia do Sul,2023,2023,121,4,1,1,1,0,0,Híbrido,141348,1,498,90954.16
7,verde,Estados Unidos,2023,2022,595,7,0,1,1,1,1,Elétrico,323523,5,466,413483.74
6,preto,Estados Unidos,2025,2025,379,5,1,0,1,1,1,Elétrico,46546,5,460,358196.54
5,azul,Japão,2022,2021,189,5,1,0,0,1,0,Elétrico,87806,3,524,210757.43
2,azul,França,2024,2024,103,4,1,0,0,0,0,Flex,34536,2,367,108014.49
6,preto,Alemanha,2022,2021,284,7,1,0,0,0,0,Elétrico,112686,5,450,513180.4
6,prata,Inglaterra,2023,2022,351,7,0,1,0,0,1,Híbrido,98875,6,549,338947.75
6,branco,Alemanha,2025,2024,278,7,0,0,1,0,1,Flex,135590,6,566,319677.18
6,preto,Inglaterra,2024,2024,368,5,1,0,1,0,1,Flex,122231,6,510,380250.05
4,verde,Coreia do Sul,2026,2025,133,4,1,0,0,0,1,Híbrido,24538,2,370,144779.55
8,verde,Estados Unidos,2024,2023,1087,2,1,1,0,1,1,Gasolina,56769,6,92,8748164.28
4,azul,Japão,2026,2025,128,4,0,1,0,1,1,Flex,25858,3,363,108552.74
8,azul,Itália,2026,2025,1265,2,1,1,0,1,1,Elétrico,16204,8,93,7925349.8
1,vermelho,Coreia do Sul,2026,2025,71,4,0,1,1,0,0,Flex,63257,2,243,42800.0
1,preto,Coreia do Sul,2023,2022,84,4,0,1,0,0,0,Flex,51299,2,264,54267.93
3,branco,Coreia do Sul,2024,2023,135,4,0,1,0,1,1,Flex,61495,2,489,120376.81
8,cinza,Inglaterra,2024,2024,637,2,0,1,0,1,1,Gasolina,44618,9,191,4467832.12
8,prata,Itália,2025,2024,1195,2,1,0,0,1,1,Gasolina,37778,9,166,8561355.96
6,prata,Estados Unidos,2022,2022,261,5,1,0,0,0,1,Híbrido,87470,6,590,538516.7
3,preto,Coreia do Sul,2024,2024,118,4,1,0,1,0,0,Flex,131971,2,481,85830.93
5,vermelho,Estados Unidos,2024,2023,186,5,1,0,0,1,1,Elétrico,45521,3,551,290330.33
4,cinza,Estados Unidos,2023,2022,134,4,0,0,0,1,1,Flex,51750,3,386,158585.23
5,branco,Alemanha,2024,2024,204,5,1,0,1,0,1,Híbrido,126903,4,586,123378.78
7,preto,Inglaterra,2024,2024,450,5,0,1,0,0,0,Gasolina,38443,7,420,710356.68
1,cinza,Itália,2025,2025,71,4,0,0,0,0,1,Flex,25384,3,268,67544.79
1,azul,China,2025,2024,73,4,1,0,0,1,1,Flex,45530,2,219,76199.52
4,vermelho,Estados Unidos,2022,2022,122,4,1,0,0,1,0,Flex,78161,2,352,190853.25
6,vermelho,Inglaterra,2025,2024,300,7,0,0,1,0,0,Híbrido,141026,5,506,267426.73
1,vermelho,Japão,2022,2022,72,4,0,1,0,0,0,Flex,83652,3,243,50697.36
4,prata,Alemanha,2025,2025,156,4,0,1,1,1,0,Flex,54540,2,418,96552.73
5,prata,Coreia do Sul,2024,2024,179,5,1,0,1,1,1,Flex,152295,3,491,136271.16
2,cinza,Coreia do Sul,2024,2024,111,4,1,1,1,1,1,Flex,141623,2,307,75415.86
5,cinza,Coreia do Sul,2024,2023,205,5,1,1,1,0,1,Elétrico,155725,4,599,123007.54
3,vermelho,França,2023,2022,135,4,1,0,0,0,1,Flex,79005,1,453,133778.24
7,vermelho,Estados Unidos,2024,2024,420,7,0,0,0,1,1,Gasolina,45170,5,449,1161736.51
1,prata,China,2023,2022,88,4,0,0,0,1,0,Flex,107149,2,246,54476.73
1,preto,França,2026,2025,84,4,0,1,0,0,1,Flex,16746,1,298,51049.46
4,preto,Japão,2024,2023,139,4,1,0,1,1,0,Flex,117711,2,412,102523.24
5,preto,França,2022,2022,199,5,1,1,0,0,1,Híbrido,99095,2,460,210200.43
4,preto,Alemanha,2026,2025,136,4,1,1,1,0,0,Híbrido,77275,2,402,114514.18
7,branco,Estados Unidos,2025,2025,565,7,1,1,1,1,1,Gasolina,52776,7,477,558768.03
8,prata,Estados Unidos,2024,2024,831,2,0,0,0,0,0,Híbrido,37269,9,136,8163283.8
1,cinza,Itália,2026,2025,86,4,0,1,1,0,1,Flex,70237,2,252,42800.0
8,cinza,Alemanha,2026,2025,1442,2,1,1,0,1,1,Híbrido,14622,8,118,4842337.37
3,branco,Japão,2022,2021,110,4,1,0,1,0,0,Flex,271684,2,498,80259.89
2,preto,Alemanha,2026,2025,90,4,1,0,1,0,0,Flex,74881,3,364,67559.3
6,cinza,Alemanha,2023,2022,390,7,0,1,0,1,0,Elétrico,100912,5,485,250758.22
1,verde,China,2023,2022,74,4,1,1,1,1,0,Flex,295888,3,208,42800.0
1,verde,Itália,2022,2021,77,4,0,0,0,1,1,Flex,63429,2,249,48464.93
2,branco,Coreia do Sul,2025,2024,111,4,0,1,1,1,1,Flex,120692,1,305,45535.44
5,azul,Coreia do Sul,2025,2024,162,5,1,0,1,1,1,Elétrico,102097,4,531,179314.6
5,cinza,Japão,2022,2021,249,5,1,0,0,0,1,Flex,113632,2,541,198365.16
3,verde,Coreia do Sul,2023,2023,131,4,0,1,1,0,0,Híbrido,179673,1,453,77113.27
8,preto,Inglaterra,2025,2024,1386,2,0,1,0,1,1,Híbrido,52953,9,134,5177352.29
2,cinza,França,2022,2021,94,4,1,0,0,1,0,Flex,115644,2,336,89727.26
1,vermelho,França,2022,2022,87,4,0,0,1,0,1,Flex,224481,3,273,49742.87
8,verde,Alemanha,2023,2023,1095,2,0,1,0,0,0,Híbrido,69147,8,120,2458127.12
2,preto,Japão,2023,2023,110,4,0,1,0,1,0,Flex,68704,1,364,75167.12
4,prata,Alemanha,2026,2025,155,4,1,1,1,1,0,Flex,53611,3,378,103599.89
3,vermelho,França,2026,2025,118,4,0,1,0,1,1,Híbrido,19154,2,473,92281.37
3,verde,Coreia do Sul,2024,2024,133,4,0,0,1,1,1,Híbrido,83316,3,512,104065.47
2,prata,Alemanha,2025,2025,103,4,1,1,1,0,0,Flex,66172,1,352,66566.19
4,branco,Alemanha,2024,2024,141,4,1,0,0,0,0,Flex,33970,2,416,163018.36
6,cinza,Estados Unidos,2023,2023,397,7,0,1,0,0,0,Híbrido,61634,6,480,268391.73
6,branco,Alemanha,2024,2024,292,7,0,0,1,1,1,Flex,156785,5,475,253856.07
7,branco,Itália,2026,2025,571,5,1,1,0,1,1,Elétrico,14072,7,476,1010428.29
7,branco,Itália,2024,2024,562,5,0,0,0,0,1,Híbrido,52724,5,462,1175956.62
8,preto,Inglaterra,2022,2021,1181,2,0,1,0,0,0,Gasolina,131632,8,95,1645886.9
1,branco,Coreia do Sul,2025,2024,89,4,0,0,1,0,1,Flex,115867,2,296,45345.62
7,vermelho,Itália,2024,2024,493,5,0,0,1,1,1,Gasolina,116623,5,407,437084.08
4,azul,Coreia do Sul,2025,2024,140,4,0,1,1,1,1,Flex,132372,3,424,120291.78
8,azul,Inglaterra,2023,2023,963,2,1,1,0,0,0,Híbrido,46990,6,96,8174669.8
7,azul,Inglaterra,2026,2025,369,7,1,1,1,1,1,Gasolina,55917,5,442,561790.74
4,vermelho,França,2023,2023,153,4,0,0,1,1,0,Flex,152800,2,368,100007.47
4,branco,França,2026,2025,153,4,1,0,0,1,0,Flex,21106,2,439,191033.77
2,branco,Coreia do Sul,2024,2024,115,4,0,1,0,0,1,Flex,31770,3,368,69141.48
7,verde,Alemanha,2026,2025,505,7,1,1,0,1,0,Elétrico,15656,5,446,775718.09
1,verde,Japão,2025,2025,80,4,1,0,1,1,1,Flex,50629,3,216,57984.65
2,cinza,Alemanha,2025,2025,91,4,0,1,1,0,0,Flex,69316,1,390,46574.37
5,vermelho,França,2026,2025,235,5,1,1,1,1,1,Flex,68888,4,510,121785.0
3,prata,Japão,2024,2024,110,4,0,1,0,0,1,Híbrido,41055,2,489,115552.22
5,prata,Coreia do Sul,2026,2025,200,5,0,1,0,1,0,Híbrido,19765,2,503,153594.85
8,vermelho,Inglaterra,2025,2024,1460,2,1,1,0,0,0,Elétrico,39640,9,181,2146625.42
5,preto,França,2024,2024,204,5,0,0,0,1,1,Elétrico,53074,2,478,236619.07
3,preto,Alemanha,2025,2025,140,4,1,0,1,1,0,Híbrido,46924,1,528,88452.69
8,verde,Alemanha,2025,2024,1470,2,0,1,0,1,0,Híbrido,35987,9,159,6027047.4
7,verde,Itália,2026,2025,366,5,0,1,0,1,1,Gasolina,22492,7,409,523021.69
5,vermelho,Japão,2026,2025,200,5,1,1,1,0,0,Flex,41335,4,497,103106.12
7,preto,Alemanha,2023,2023,378,7,0,1,0,1,0,Gasolina,47014,5,498,530299.74
2,cinza,Japão,2022,2021,119,4,0,0,0,0,0,Flex,81222,3,358,77545.91
4,azul,França,2023,2022,141,4,1,1,1,0,1,Flex,160724,2,435,97596.58
3,cinza,Coreia do Sul,2023,2023,113,4,1,1,1,0,0,Híbrido,193180,3,523,66616.84
8,azul,Alemanha,2024,2024,1377,2,0,1,0,0,1,Elétrico,48175,6,115,3501989.19
7,verde,Alemanha,2024,2024,428,7,0,0,0,0,0,Elétrico,51780,7,410,931210.67
1,azul,Coreia do Sul,2022,2021,81,4,0,0,1,1,0,Flex,403947,3,249,42800.0
3,cinza,Coreia do Sul,2023,2022,120,4,1,1,1,0,0,Híbrido,228025,2,501,76655.33
5,vermelho,França,2024,2023,249,5,1,1,1,0,0,Flex,182049,4,486,166677.63
8,vermelho,Alemanha,2026,2025,1312,2,0,0,0,1,1,Híbrido,24274,6,200,3839734.23
5,preto,França,2022,2021,202,5,0,1,0,1,0,Elétrico,103706,4,585,200871.59
5,azul,Alemanha,2026,2025,212,5,1,0,1,1,0,Híbrido,55030,3,464,194644.53
2,vermelho,França,2023,2023,109,4,1,1,1,0,1,Flex,178910,1,361,71409.73
2,azul,Japão,2023,2022,101,4,0,1,1,0,1,Flex,223768,3,338,58354.82
5,azul,Estados Unidos,2024,2023,227,5,1,1,0,1,1,Flex,63481,3,550,187883.45
2,cinza,Japão,2024,2023,115,4,0,0,1,0,0,Flex,210337,3,353,74421.83
6,cinza,Alemanha,2025,2024,295,5,1,1,1,0,1,Elétrico,107366,5,564,254052.86
7,preto,Alemanha,2026,2025,364,7,0,0,0,0,0,Gasolina,18387,7,448,1064889.57
8,azul,Itália,2023,2022,1108,2,0,1,0,1,0,Elétrico,80402,6,107,6010637.6
5,vermelho,Japão,2023,2023,185,5,0,1,0,0,0,Híbrido,80786,2,484,119854.67
2,prata,Coreia do Sul,2024,2023,120,4,1,0,1,1,1,Flex,203632,2,322,86522.33
2,prata,Coreia do Sul,2025,2025,119,4,0,1,1,0,0,Flex,41878,1,371,67384.65
2,cinza,Japão,2024,2024,91,4,1,1,1,1,0,Flex,134437,3,379,68135.1
1,azul,França,2023,2022,83,4,1,0,0,1,1,Flex,100540,2,279,62039.45
1,branco,China,2026,2025,76,4,0,1,0,1,0,Flex,18741,1,220,43549.51
4,branco,Coreia do Sul,2026,2025,142,4,0,1,0,1,0,Híbrido,14260,2,379,128589.76
1,branco,França,2024,2024,71,4,1,0,0,0,1,Flex,43590,1,268,53501.94
6,cinza,Estados Unidos,2023,2022,339,5,1,1,1,1,0,Híbrido,274168,6,459,285197.77
8,prata,Inglaterra,2024,2024,930,2,1,1,0,0,0,Gasolina,39844,6,106,4707208.34
1,vermelho,Japão,2026,2025,90,4,0,0,1,0,0,Flex,42340,2,205,42800.0
7,prata,Inglaterra,2024,2024,552,7,0,1,0,0,0,Híbrido,44096,7,473,808915.64
1,branco,Itália,2024,2024,89,4,1,1,1,0,1,Flex,121761,1,271,45712.78
1,cinza,China,2025,2024,85,4,1,1,0,1,1,Flex,33740,3,296,47629.53
2,preto,Coreia do Sul,2022,2022,105,4,0,0,0,0,0,Flex,50811,3,383,74744.87
3,preto,Alemanha,2024,2023,115,4,1,0,1,1,0,Flex,196008,3,523,87793.34
2,cinza,Coreia do Sul,2026,2025,106,4,1,1,1,0,1,Flex,67915,1,381,51224.12
8,vermelho,Inglaterra,2022,2021,1073,2,0,1,0,1,0,Gasolina,118049,6,114,5636336.02
4,preto,Japão,2026,2025,130,4,0,1,0,1,1,Híbrido,21338,2,351,126743.09
7,verde,Itália,2023,2022,368,5,0,1,1,0,1,Elétrico,183389,7,408,565179.34
2,prata,França,2024,2024,111,4,1,1,0,1,0,Flex,27787,3,333,99803.85
7,branco,Inglaterra,2024,2024,455,5,0,0,0,0,0,Elétrico,42965,7,417,869067.29
1,preto,França,2025,2025,80,4,1,0,0,1,0,Flex,26454,1,266,58735.46
4,cinza,Coreia do Sul,2024,2024,131,4,1,0,0,0,0,Híbrido,51230,3,395,168025.74
5,branco,Estados Unidos,2025,2024,161,5,1,0,1,0,1,Elétrico,106777,3,471,199022.54
7,verde,Alemanha,2025,2025,516,7,1,1,1,1,1,Elétrico,42976,5,427,766320.65
1,vermelho,China,2025,2024,70,4,1,0,1,1,0,Flex,142250,1,288,43079.58
2,preto,Coreia do Sul,2026,2025,92,4,0,1,0,1,1,Flex,17248,1,397,80813.36
6,preto,Estados Unidos,2025,2024,336,7,0,1,0,0,0,Flex,52339,6,478,446868.14
3,azul,Coreia do Sul,2025,2024,133,4,0,0,0,1,0,Flex,45136,1,494,140968.89
5,preto,Alemanha,2024,2024,174,5,0,0,1,0,0,Elétrico,130894,4,461,152218.58
8,vermelho,Inglaterra,2024,2023,781,2,0,0,0,0,0,Elétrico,79047,9,81,4544582.84
2,prata,Alemanha,2026,2025,115,4,0,1,1,0,1,Flex,59533,2,326,58784.12
1,cinza,Japão,2022,2022,82,4,1,0,0,0,1,Flex,70852,3,218,57931.73
3,azul,Alemanha,2023,2023,124,4,0,1,0,0,0,Híbrido,47075,3,463,79315.53
6,preto,Inglaterra,2023,2023,319,5,0,1,1,0,0,Híbrido,183760,6,553,256419.82
3,azul,Alemanha,2022,2021,137,4,0,0,0,1,1,Flex,134556,3,478,97321.65
5,prata,França,2023,2023,212,5,1,1,0,1,1,Flex,40830,4,485,175276.6
6,prata,Japão,2022,2022,368,5,0,1,0,1,1,Híbrido,105214,5,523,275873.63
4,azul,Estados Unidos,2026,2025,149,4,0,0,0,0,0,Flex,19368,2,418,129301.94
2,prata,França,2025,2025,107,4,1,0,0,1,1,Flex,20444,1,392,109032.33
7,prata,Inglaterra,2023,2023,367,7,0,0,1,0,0,Elétrico,136422,5,475,705004.72
8,preto,Estados Unidos,2023,2022,1148,2,1,1,0,1,1,Elétrico,77108,8,124,4964903.07
4,preto,França,2024,2024,160,4,1,1,1,1,1,Flex,143049,3,376,96024.58
3,verde,França,2025,2025,120,4,0,1,1,0,0,Híbrido,58913,1,505,73519.69
1,verde,Itália,2023,2022,77,4,1,1,0,0,0,Flex,56427,1,253,54349.91
3,cinza,Alemanha,2023,2022,131,4,1,0,1,1,0,Flex,274777,3,453,99343.58
1,branco,França,2023,2023,82,4,0,0,1,0,1,Flex,125588,2,263,42800.0
2,verde,Japão,2024,2023,90,4,1,1,0,0,1,Flex,59173,2,371,87399.98
2,branco,Alemanha,2023,2022,111,4,0,1,1,1,1,Flex,296587,3,388,52206.03
7,preto,Itália,2022,2021,589,7,1,0,1,1,0,Gasolina,245271,5,473,989370.17
6,vermelho,Inglaterra,2022,2022,267,5,1,0,0,0,0,Flex,71311,5,550,309798.05
6,prata,Estados Unidos,2026,2025,360,7,0,1,1,0,0,Híbrido,45731,5,452,174686.84
7,vermelho,Itália,2022,2021,583,7,1,0,0,0,0,Elétrico,67036,7,473,1080747.5
2,verde,Alemanha,2025,2025,105,4,1,0,1,1,1,Flex,48472,3,316,68815.86
3,prata,França,2022,2022,125,4,1,1,0,1,0,Flex,57740,2,505,97134.84
2,prata,Alemanha,2026,2025,114,4,1,1,1,1,0,Flex,74151,2,400,69715.35
4,azul,Coreia do Sul,2026,2025,145,4,1,1,1,1,0,Híbrido,78488,3,450,112656.23
2,prata,Alemanha,2025,2025,115,4,1,0,1,0,0,Flex,59144,1,363,83189.41
5,preto,Estados Unidos,2024,2023,225,5,1,0,0,1,1,Híbrido,46281,4,513,199337.15
8,branco,Alemanha,2023,2023,1191,2,0,1,0,1,0,Elétrico,59325,6,127,6592220.4
5,prata,Estados Unidos,2024,2024,170,5,0,0,0,1,0,Elétrico,41646,2,494,150663.63
7,verde,Estados Unidos,2025,2024,538,5,0,1,1,0,0,Híbrido,122870,7,466,557777.16
1,cinza,Itália,2024,2024,89,4,1,0,0,1,0,Flex,27890,3,290,71770.93
6,azul,Alemanha,2022,2022,372,7,0,1,1,0,1,Flex,319780,6,536,249788.07
3,cinza,Japão,2024,2023,123,4,0,0,0,0,1,Híbrido,69137,2,504,136796.24
1,azul,Itália,2023,2022,89,4,1,0,0,0,0,Flex,105482,2,240,69903.56
3,azul,Japão,2026,2025,129,4,0,1,1,0,0,Flex,75367,3,523,91282.04
1,branco,Coreia do Sul,2025,2025,76,4,0,0,1,0,1,Flex,50524,1,300,42800.0
7,verde,Itália,2022,2021,356,7,1,1,0,1,0,Gasolina,99266,5,425,664657.56
5,prata,França,2024,2023,221,5,1,0,0,1,0,Flex,44058,4,566,273434.07
3,vermelho,Japão,2026,2025,124,4,1,1,1,1,1,Flex,48633,1,477,68981.54
6,azul,Japão,2023,2023,258,7,0,1,1,1,1,Híbrido,113898,5,600,242979.07
6,preto,Estados Unidos,2026,2025,377,5,0,1,1,0,0,Flex,41188,6,560,219655.69
5,verde,Estados Unidos,2024,2024,220,5,0,1,1,1,0,Elétrico,103863,3,462,150363.82
7,verde,Inglaterra,2025,2025,368,7,1,0,1,1,0,Híbrido,56571,7,489,957307.78
1,verde,França,2025,2025,82,4,0,0,1,0,0,Flex,77853,2,216,42800.0
3,prata,Coreia do Sul,2022,2021,136,4,1,0,1,0,0,Híbrido,286069,2,483,91263.63
4,verde,França,2023,2023,125,4,1,0,1,0,1,Híbrido,229766,3,373,109168.92
6,vermelho,Alemanha,2022,2022,273,5,0,0,1,0,1,Híbrido,292314,5,474,217265.65
8,azul,Estados Unidos,2024,2024,724,2,0,0,0,1,0,Gasolina,29997,6,189,5197217.36
6,branco,Estados Unidos,2026,2025,325,5,0,1,1,0,0,Flex,75207,6,539,214474.42
8,vermelho,Inglaterra,2024,2024,1386,2,1,1,0,1,0,Híbrido,29579,8,112,7316267.6
2,azul,França,2023,2023,104,4,1,1,1,0,0,Flex,128859,3,327,62449.76
3,verde,França,2024,2023,128,4,0,0,0,1,1,Híbrido,61045,3,474,111936.78
7,cinza,Estados Unidos,2025,2024,367,5,1,1,0,1,1,Elétrico,32759,7,494,973580.34
3,preto,Coreia do Sul,2024,2024,125,4,0,0,0,1,1,Híbrido,42222,2,477,97619.77
7,preto,Estados Unidos,2022,2021,397,5,0,0,0,0,1,Elétrico,86965,5,406,1151929.38
8,azul,Alemanha,2025,2025,1426,2,1,0,0,1,1,Híbrido,22756,8,125,7105165.5
1,cinza,França,2022,2021,71,4,1,1,0,0,0,Flex,86650,3,292,43089.85
5,vermelho,França,2025,2025,162,5,0,0,0,1,0,Flex,26896,4,522,154923.61
4,azul,Coreia do Sul,2025,2024,131,4,1,1,0,1,0,Híbrido,25974,3,389,146943.26
4,vermelho,Japão,2022,2021,159,4,1,0,0,1,0,Híbrido,86492,3,400,158999.55
6,verde,Alemanha,2022,2022,256,5,1,1,0,1,0,Flex,99489,6,493,325445.32
5,vermelho,Coreia do Sul,2026,2025,203,5,1,0,0,1,0,Flex,20834,3,566,180593.88
6,azul,Japão,2022,2022,286,5,0,1,1,0,1,Elétrico,217458,5,541,246384.75
3,vermelho,Alemanha,2025,2025,115,4,0,0,1,0,1,Híbrido,57779,3,515,104851.74
5,verde,França,2026,2025,219,5,1,1,0,1,1,Flex,23859,3,480,173905.91
4,azul,Estados Unidos,2026,2025,159,4,1,0,0,0,0,Híbrido,24414,2,414,141983.48
6,azul,Estados Unidos,2026,2025,334,5,0,1,1,1,1,Elétrico,53265,5,532,221046.65
5,preto,França,2023,2023,171,5,0,1,0,1,0,Híbrido,65735,2,543,163560.02
3,prata,Coreia do Sul,2022,2021,111,4,0,1,1,1,1,Híbrido,358187,2,473,71656.55
8,preto,Estados Unidos,2023,2022,983,2,1,0,0,0,1,Gasolina,100638,9,129,9122713.78
1,vermelho,Itália,2026,2025,70,4,1,0,0,0,0,Flex,16014,2,241,52303.46
3,azul,Alemanha,2023,2022,130,4,1,1,1,1,0,Híbrido,224449,1,528,63724.84
3,prata,Coreia do Sul,2025,2025,111,4,1,0,0,0,0,Híbrido,25990,3,457,133196.96
7,cinza,Itália,2024,2023,573,7,1,1,0,1,1,Elétrico,38485,5,431,950318.42
7,azul,Inglaterra,2022,2022,469,5,1,0,1,1,0,Elétrico,157422,7,448,686565.32
8,cinza,Alemanha,2023,2023,1159,2,0,1,0,1,0,Elétrico,57261,8,127,4625679.2
1,verde,Itália,2025,2024,83,4,0,1,1,1,0,Flex,154941,3,217,42972.51
4,verde,França,2025,2025,141,4,0,1,0,1,1,Flex,22382,3,386,115888.07
8,prata,Itália,2024,2024,785,2,0,1,0,1,1,Híbrido,37236,6,143,1202508.45
3,preto,Alemanha,2026,2025,130,4,1,0,0,0,1,Flex,22515,3,470,110117.19
7,cinza,Alemanha,2026,2025,419,5,1,0,0,1,0,Híbrido,23354,5,452,852008.56
7,branco,Itália,2023,2022,524,5,1,1,0,0,1,Elétrico,65407,5,463,1083412.26
6,branco,Alemanha,2025,2025,265,5,1,1,1,1,0,Flex,74515,6,572,324882.07
1,cinza,Japão,2026,2025,71,4,1,1,1,0,0,Flex,40647,2,209,45660.4
4,cinza,Alemanha,2026,2025,134,4,1,1,0,0,1,Híbrido,20749,3,418,105093.8
7,cinza,Alemanha,2023,2023,538,7,1,1,1,0,1,Elétrico,141378,7,434,573284.62
5,prata,Estados Unidos,2025,2025,248,5,1,0,1,0,0,Elétrico,60416,4,558,125841.51
6,branco,Inglaterra,2023,2022,394,5,1,1,1,0,0,Híbrido,168440,5,509,333778.5
8,cinza,Estados Unidos,2023,2022,1250,2,0,0,0,0,1,Gasolina,80348,9,84,1600088.99
3,verde,Japão,2024,2023,113,4,1,0,1,0,0,Híbrido,141401,2,486,112091.12
1,branco,França,2023,2023,75,4,0,1,0,1,1,Flex,75750,3,245,46823.04
8,branco,Alemanha,2024,2023,831,2,0,0,0,0,1,Gasolina,38228,9,94,5625687.6
5,branco,Estados Unidos,2022,2021,217,5,1,1,1,1,1,Híbrido,384844,2,508,145884.13
7,verde,Alemanha,2024,2023,424,5,1,0,0,0,0,Gasolina,59577,7,490,676371.9
6,preto,Japão,2023,2023,387,7,1,0,0,0,0,Elétrico,70479,6,600,387435.24
4,cinza,Alemanha,2026,2025,155,4,1,1,0,1,1,Híbrido,26863,2,449,146141.54
3,azul,França,2026,2025,137,4,1,1,0,1,0,Flex,13952,2,472,131886.51
3,prata,Coreia do Sul,2022,2022,134,4,0,0,1,0,0,Híbrido,320408,2,491,78757.79
8,cinza,Alemanha,2025,2025,857,2,1,1,0,0,0,Elétrico,17661,9,184,2320739.63
4,branco,Japão,2023,2023,138,4,1,1,0,1,0,Flex,72861,2,428,155893.77
7,cinza,Inglaterra,2022,2021,435,5,1,1,0,0,0,Gasolina,82282,5,476,1121809.66
2,vermelho,Alemanha,2023,2023,106,4,0,0,1,0,1,Flex,195984,3,308,66758.86
2,azul,Alemanha,2023,2023,95,4,0,1,1,0,0,Flex,118589,1,384,46639.22
6,branco,Inglaterra,2025,2024,270,7,0,1,0,1,1,Elétrico,30823,5,499,384453.62
4,cinza,Japão,2024,2023,135,4,1,0,1,1,1,Flex,178910,3,414,150295.92
5,prata,Coreia do Sul,2022,2022,218,5,0,1,1,1,0,Híbrido,208638,2,523,130988.75
7,prata,Estados Unidos,2024,2023,456,7,1,1,1,0,1,Elétrico,150504,7,434,464343.41
4,azul,França,2022,2021,142,4,1,1,1,0,1,Flex,355234,2,446,71946.93
3,azul,Alemanha,2026,2025,116,4,0,1,1,1,0,Flex,57168,3,468,90693.93
2,azul,Japão,2026,2025,101,4,0,1,0,1,0,Flex,14363,2,353,89824.5
5,azul,França,2022,2021,186,5,0,1,1,1,1,Híbrido,232108,4,593,106585.35
2,branco,Japão,2023,2023,102,4,1,0,1,1,0,Flex,149956,1,314,69313.34
5,verde,Coreia do Sul,2026,2025,212,5,1,1,1,0,1,Flex,72465,3,487,164212.78
7,cinza,Inglaterra,2022,2022,595,7,0,0,0,0,1,Elétrico,53532,5,453,1260357.73
8,verde,Alemanha,2022,2021,1305,2,1,0,0,1,1,Híbrido,69944,6,82,6178151.28
7,prata,Estados Unidos,2023,2023,532,7,1,1,1,0,1,Gasolina,232468,7,451,440913.06
3,cinza,Japão,2022,2022,126,4,0,0,1,1,0,Híbrido,213748,2,477,90350.53
4,azul,Alemanha,2023,2022,134,4,1,1,0,0,1,Híbrido,73811,3,378,140821.89
6,cinza,Estados Unidos,2024,2023,272,7,1,0,1,1,0,Híbrido,139673,5,533,287338.64
5,preto,Japão,2022,2022,250,5,1,1,0,1,0,Flex,104766,3,502,215073.52
3,branco,Japão,2026,2025,129,4,0,1,0,0,0,Híbrido,13568,1,501,97467.62
4,cinza,Alemanha,2024,2023,156,4,0,0,0,1,0,Flex,80259,2,422,158839.37
3,azul,França,2026,2025,116,4,1,1,0,1,1,Flex,18363,1,490,142533.22
8,cinza,Alemanha,2026,2025,641,2,0,0,0,0,0,Gasolina,25310,6,96,7505544.83
3,branco,Alemanha,2022,2021,131,4,0,1,1,0,0,Flex,342226,2,497,55605.42
4,preto,Estados Unidos,2024,2023,157,4,1,1,0,0,0,Híbrido,48384,2,385,118320.15
1,verde,Itália,2026,2025,78,4,1,1,1,0,0,Flex,53443,1,258,42800.0
4,preto,Alemanha,2025,2024,147,4,1,0,1,0,1,Híbrido,133636,3,409,129902.98
4,azul,Alemanha,2026,2025,154,4,0,0,0,1,1,Híbrido,23284,2,362,144834.22
4,prata,Coreia do Sul,2023,2023,150,4,0,1,0,0,1,Flex,62171,3,443,109263.21
4,preto,Coreia do Sul,2024,2023,133,4,0,1,0,0,0,Híbrido,40170,3,433,116766.77
8,vermelho,Itália,2022,2021,1014,2,0,1,0,1,1,Gasolina,105479,6,184,6690092.96
5,cinza,Japão,2026,2025,164,5,1,0,0,1,0,Elétrico,24868,3,523,287326.71
5,branco,Alemanha,2025,2024,167,5,1,1,1,0,0,Elétrico,89329,2,570,135844.39
3,preto,França,2022,2022,122,4,0,1,0,1,0,Híbrido,53119,1,481,110136.81
2,cinza,Alemanha,2024,2024,91,4,0,1,1,0,1,Flex,91648,1,360,59290.61
1,cinza,França,2022,2021,77,4,0,0,1,1,0,Flex,326898,3,247,42800.0
7,vermelho,Itália,2023,2022,522,5,1,0,0,0,0,Gasolina,75795,7,468,1066804.36
2,azul,Coreia do Sul,2024,2023,108,4,1,0,1,0,1,Flex,179824,3,389,63615.85
5,preto,Estados Unidos,2025,2024,172,5,1,1,1,0,1,Híbrido,145483,2,470,130155.04
8,verde,Estados Unidos,2022,2022,1240,2,0,1,0,1,0,Elétrico,89917,8,82,6863523.29
7,cinza,Alemanha,2026,2025,559,7,1,0,1,1,1,Gasolina,38549,5,411,1184276.52
7,preto,Itália,2022,2021,469,7,1,0,0,1,0,Gasolina,109510,7,463,875977.02
4,branco,Alemanha,2022,2022,132,4,0,0,0,0,1,Híbrido,53236,3,409,106600.24
8,verde,Estados Unidos,2022,2021,1485,2,0,0,0,0,0,Gasolina,115759,8,144,6902949.08
1,vermelho,China,2023,2023,85,4,0,1,0,1,1,Flex,80617,1,259,54885.38
2,vermelho,França,2022,2022,94,4,1,0,0,1,1,Flex,97010,2,308,81792.95
1,verde,Japão,2025,2024,86,4,1,0,0,1,1,Flex,38899,1,241,55982.44
5,cinza,Japão,2023,2022,173,5,0,0,1,1,1,Elétrico,202519,4,547,121260.96
8,preto,Estados Unidos,2024,2024,1217,2,1,1,0,0,0,Elétrico,45297,8,106,5420718.3
6,preto,Inglaterra,2025,2025,339,7,0,1,1,0,1,Flex,77110,5,582,219044.77
7,vermelho,Inglaterra,2026,2025,476,7,0,1,1,1,0,Híbrido,74841,7,437,604165.77
6,verde,Inglaterra,2024,2023,396,7,1,0,1,1,1,Flex,131169,5,457,307968.33
5,vermelho,Estados Unidos,2023,2023,249,5,1,0,1,0,1,Flex,209769,2,593,133912.88
2,vermelho,Alemanha,2023,2022,119,4,1,0,0,1,1,Flex,76198,2,378,116428.56
3,vermelho,Coreia do Sul,2024,2024,137,4,0,1,1,1,0,Híbrido,135568,1,505,88002.08
3,preto,Japão,2025,2025,134,4,1,0,1,0,1,Híbrido,55381,1,464,84724.81
8,verde,Estados Unidos,2026,2025,613,2,1,0,0,1,1,Híbrido,23840,9,80,7005163.13
6,cinza,Estados Unidos,2024,2024,310,5,0,1,1,0,0,Híbrido,88092,6,518,278245.43
6,verde,Estados Unidos,2022,2021,291,5,0,1,1,0,1,Híbrido,356369,6,498,183660.57
6,verde,Estados Unidos,2025,2025,288,7,1,1,1,0,0,Híbrido,73105,6,559,297571.24
7,verde,Alemanha,2022,2022,539,7,1,0,1,0,0,Gasolina,202371,5,497,736332.52
7,verde,Inglaterra,2025,2024,593,5,1,0,0,1,1,Elétrico,42239,5,451,894577.4
8,branco,Alemanha,2023,2023,813,2,1,0,0,0,1,Elétrico,64334,9,173,8794470.77
6,branco,Inglaterra,2025,2024,351,7,0,0,0,1,0,Flex,51903,6,571,460305.52
7,cinza,Itália,2023,2022,419,7,1,1,1,0,0,Elétrico,182736,5,467,559014.23
7,vermelho,Alemanha,2022,2022,525,7,0,1,1,0,0,Gasolina,245056,7,431,780188.4
5,prata,Alemanha,2026,2025,162,5,1,0,0,1,1,Elétrico,14040,4,456,166898.43
2,branco,Alemanha,2025,2024,101,4,0,1,0,0,1,Flex,39838,2,355,85936.58
7,azul,Alemanha,2025,2025,452,7,0,0,0,1,1,Gasolina,22454,5,452,604193.89
6,prata,Estados Unidos,2026,2025,376,7,0,0,1,0,0,Flex,70817,6,554,355317.18
8,vermelho,Alemanha,2023,2023,1346,2,0,0,0,0,1,Híbrido,76629,9,141,3043641.37
3,verde,Japão,2025,2025,120,4,0,1,1,0,1,Híbrido,71891,1,529,60271.98
7,cinza,Alemanha,2025,2024,586,7,0,1,1,1,0,Gasolina,81728,5,490,781882.69
6,prata,Alemanha,2023,2022,270,7,0,0,0,1,1,Híbrido,104222,6,572,369669.13
1,branco,França,2023,2023,82,4,0,1,0,0,0,Flex,61414,2,267,42800.0
2,verde,Coreia do Sul,2023,2023,120,4,1,0,1,0,1,Flex,237744,2,344,83093.66
3,vermelho,Coreia do Sul,2022,2022,126,4,0,1,0,0,1,Híbrido,69241,3,470,91247.93
3,branco,Japão,2025,2025,124,4,1,1,1,0,1,Híbrido,39507,2,508,64372.39
4,vermelho,Coreia do Sul,2026,2025,143,4,0,1,1,1,1,Híbrido,38664,3,421,118476.48
7,vermelho,Estados Unidos,2024,2023,519,5,0,0,1,0,0,Gasolina,207516,7,410,399502.68
4,vermelho,Coreia do Sul,2026,2025,134,4,0,1,0,0,0,Flex,23842,2,379,147927.0
1,verde,Coreia do Sul,2024,2023,70,4,0,0,0,0,1,Flex,60027,1,273,46924.7
1,prata,China,2025,2024,85,4,1,1,1,1,0,Flex,120995,3,212,42800.0
1,verde,Japão,2022,2021,72,4,0,1,1,0,1,Flex,367030,2,205,42800.0
1,vermelho,França,2026,2025,70,4,1,1,1,1,1,Flex,78757,3,279,50083.5
5,prata,Alemanha,2024,2023,236,5,0,0,0,0,1,Híbrido,66320,4,594,171991.94
2,cinza,França,2023,2022,113,4,0,1,1,1,1,Flex,180077,3,334,66083.92
2,azul,França,2025,2025,98,4,1,0,1,0,0,Flex,61265,1,374,75093.74
4,verde,França,2026,2025,129,4,0,0,0,1,1,Flex,16835,2,418,143181.78
6,prata,Inglaterra,2024,2023,290,5,1,1,0,0,1,Híbrido,37810,5,506,273358.26
7,branco,Itália,2022,2021,533,7,0,1,0,1,1,Gasolina,83799,7,490,549401.36
3,branco,França,2025,2025,121,4,1,1,0,0,0,Flex,17152,3,501,89037.48
3,cinza,Alemanha,2022,2021,131,4,0,1,0,0,1,Híbrido,115846,1,473,100307.75
5,azul,Coreia do Sul,2023,2022,187,5,0,0,1,1,0,Elétrico,270778,2,456,159875.53
8,cinza,Alemanha,2024,2024,1164,2,0,1,0,0,1,Híbrido,36812,8,112,5654066.76
4,branco,França,2026,2025,141,4,1,1,1,0,0,Híbrido,51263,3,442,99555.55
1,prata,Coreia do Sul,2024,2023,86,4,0,1,0,0,0,Flex,71919,2,277,46964.95
3,preto,Coreia do Sul,2026,2025,124,4,1,1,0,0,1,Flex,22076,1,486,122410.07
5,cinza,Japão,2026,2025,179,5,0,1,1,1,1,Elétrico,47665,4,486,164345.48
6,branco,Estados Unidos,2025,2025,352,7,0,1,0,1,0,Flex,17202,6,514,335992.31
5,azul,Japão,2022,2021,170,5,0,1,0,0,0,Flex,85996,3,588,169572.56
1,branco,Itália,2023,2022,71,4,0,1,1,1,1,Flex,295617,3,269,42800.0
1,branco,Japão,2025,2024,81,4,1,1,1,1,0,Flex,134717,2,210,42800.0
5,prata,Alemanha,2026,2025,175,5,1,1,0,0,0,Flex,13982,2,467,143634.31
6,vermelho,Alemanha,2022,2022,376,5,1,1,1,0,0,Flex,225959,6,511,343355.86
3,vermelho,França,2023,2023,127,4,1,0,0,0,1,Híbrido,77676,3,489,107256.34
4,branco,Estados Unidos,2024,2024,136,4,1,1,1,0,0,Híbrido,148532,2,395,104998.63
2,prata,Japão,2026,2025,94,4,0,1,0,1,1,Flex,16230,2,357,80252.3
6,prata,Alemanha,2024,2024,306,5,1,0,1,1,0,Flex,160654,5,474,450259.01
7,preto,Alemanha,2022,2021,567,5,0,1,1,0,0,Elétrico,317135,5,486,417183.5
8,branco,Inglaterra,2026,2025,1209,2,0,1,0,0,0,Híbrido,26863,9,123,6703303.12
5,preto,Coreia do Sul,2026,2025,209,5,0,0,1,0,1,Flex,52790,3,588,119738.85
2,azul,Coreia do Sul,2023,2023,100,4,0,0,1,1,0,Flex,144608,1,333,60332.0
7,cinza,Itália,2022,2021,419,5,0,0,0,0,1,Elétrico,124340,5,485,1235803.13
6,azul,Alemanha,2026,2025,308,7,0,0,0,0,0,Elétrico,14129,5,454,514370.45
8,preto,Inglaterra,2024,2023,717,2,0,1,0,0,0,Híbrido,55503,9,104,3632646.41
4,vermelho,Alemanha,2025,2025,126,4,1,1,0,0,1,Flex,22957,3,355,156020.77
5,preto,França,2026,2025,203,5,0,1,0,1,0,Híbrido,18562,4,531,191047.01
5,cinza,Coreia do Sul,2024,2024,246,5,1,1,1,1,0,Elétrico,94902,2,587,206717.9
7,vermelho,Estados Unidos,2022,2022,478,7,0,1,1,1,1,Híbrido,219907,7,418,437121.09
5,cinza,Alemanha,2024,2023,168,5,0,1,0,1,0,Elétrico,38422,3,597,181125.04
6,azul,Japão,2024,2024,289,5,1,1,0,1,1,Flex,39468,5,451,322213.88
3,cinza,Alemanha,2023,2022,131,4,1,0,1,0,0,Flex,302837,2,462,77946.08
5,preto,Alemanha,2022,2022,204,5,1,1,1,0,0,Flex,262935,2,507,114139.05
5,prata,Alemanha,2022,2021,234,5,1,1,1,1,1,Elétrico,345626,3,563,155145.24
1,cinza,Itália,2022,2021,82,4,0,1,0,0,1,Flex,76703,2,236,42800.0
1,vermelho,China,2022,2021,72,4,1,1,0,0,1,Flex,67057,1,281,45105.95
6,cinza,Japão,2026,2025,272,7,0,0,1,1,1,Flex,53076,5,546,374956.74
2,preto,Coreia do Sul,2025,2025,107,4,1,1,0,0,1,Flex,14846,1,341,94391.32
3,branco,Alemanha,2026,2025,124,4,1,1,0,0,1,Flex,14246,2,469,94477.28
6,preto,Inglaterra,2025,2025,270,7,1,1,1,1,0,Híbrido,70585,6,566,218815.04
7,prata,Inglaterra,2023,2023,433,7,1,1,1,1,0,Híbrido,199077,7,489,567293.25
8,verde,Itália,2024,2024,1070,2,0,1,0,1,0,Elétrico,25795,8,138,2024856.35
3,preto,Japão,2023,2023,124,4,0,1,0,1,0,Híbrido,74519,2,530,106057.87
7,verde,Estados Unidos,2023,2023,441,5,1,0,1,0,1,Híbrido,233860,5,437,567902.33
6,cinza,Inglaterra,2025,2024,399,7,1,0,1,0,1,Flex,105080,5,533,297225.08
1,branco,Itália,2025,2025,88,4,0,1,0,1,1,Flex,19772,1,236,51643.61
6,preto,Alemanha,2024,2024,360,5,0,1,0,0,0,Flex,45592,6,504,300294.1
8,verde,Estados Unidos,2025,2025,1026,2,0,0,0,0,1,Elétrico,15460,9,157,2605677.0
7,vermelho,Alemanha,2026,2025,396,5,0,0,1,1,1,Gasolina,70363,7,432,842095.79
1,vermelho,Coreia do Sul,2024,2023,81,4,1,1,0,1,1,Flex,72727,2,249,65625.18
6,azul,Alemanha,2025,2025,267,7,1,0,1,1,0,Flex,38563,5,451,312986.69
2,verde,Japão,2026,2025,109,4,1,0,1,0,0,Flex,52805,2,320,84959.11
2,preto,Japão,2025,2024,95,4,1,0,1,1,1,Flex,139061,3,307,63059.5
6,branco,Japão,2026,2025,337,5,1,1,1,1,0,Híbrido,68122,5,525,386203.23
4,azul,Alemanha,2026,2025,121,4,1,1,1,0,1,Flex,76733,2,438,96485.35
7,branco,Inglaterra,2024,2024,499,7,1,0,0,0,0,Híbrido,38277,5,429,783499.34
3,branco,França,2023,2023,134,4,0,0,1,1,1,Flex,170071,3,503,89926.66
6,prata,Inglaterra,2025,2024,265,7,0,0,1,0,1,Elétrico,89918,6,563,219945.75
5,azul,França,2022,2022,205,5,0,0,0,0,0,Híbrido,68457,4,499,161811.69
2,verde,Coreia do Sul,2024,2023,113,4,1,0,0,0,1,Flex,63210,3,301,103804.54
7,branco,Itália,2023,2022,588,5,1,1,1,1,1,Gasolina,168792,7,425,435153.17
1,cinza,Japão,2026,2025,74,4,1,1,1,1,1,Flex,52823,1,277,50208.52
7,azul,Estados Unidos,2022,2021,361,5,1,1,1,0,1,Elétrico,365630,5,468,675901.33
3,vermelho,França,2022,2022,119,4,1,0,0,1,1,Flex,75399,1,481,109723.89
3,vermelho,Coreia do Sul,2025,2025,117,4,1,0,1,1,1,Flex,62264,1,479,92578.07
8,branco,Itália,2022,2021,726,2,0,0,0,0,1,Gasolina,100593,8,148,5115821.73
1,preto,Coreia do Sul,2023,2022,90,4,1,0,1,1,0,Flex,278595,2,272,48581.22
6,prata,Alemanha,2025,2025,396,5,0,1,1,0,0,Elétrico,70264,6,545,179305.86
6,branco,Estados Unidos,2026,2025,348,7,1,0,0,0,1,Flex,20313,6,497,464337.34
2,prata,França,2023,2022,110,4,0,1,1,1,1,Flex,268027,1,336,58367.6
8,verde,Alemanha,2026,2025,767,2,0,0,0,1,1,Elétrico,22297,8,111,1829565.75
2,cinza,Japão,2024,2023,92,4,1,1,1,1,1,Flex,164563,3,343,76221.6
5,azul,França,2024,2023,163,5,1,1,0,1,0,Híbrido,55373,4,522,230559.65
7,cinza,Itália,2024,2023,372,5,1,1,0,1,0,Gasolina,45914,5,468,734472.87
5,verde,Coreia do Sul,2026,2025,190,5,1,1,0,0,1,Híbrido,13672,2,508,172757.75
2,vermelho,Alemanha,2023,2023,117,4,0,0,1,0,1,Flex,197455,2,397,58723.39
2,preto,França,2025,2024,119,4,0,0,1,1,1,Flex,149559,1,363,82803.55
7,prata,Estados Unidos,2024,2024,449,7,0,0,0,0,1,Híbrido,27829,5,463,901750.48
3,verde,Japão,2026,2025,128,4,0,1,1,0,1,Híbrido,55895,3,486,87873.1
5,branco,Japão,2026,2025,168,5,0,1,0,0,0,Híbrido,18894,4,566,164039.23
5,prata,Japão,2025,2025,228,5,1,0,1,1,1,Híbrido,70509,4,454,177097.32
8,cinza,Estados Unidos,2026,2025,1407,2,0,0,0,0,0,Gasolina,24365,6,86,2189064.01
7,branco,Inglaterra,2024,2024,374,7,1,1,1,1,0,Elétrico,103636,5,490,812097.72
7,azul,Estados Unidos,2023,2022,505,5,0,0,1,0,1,Híbrido,234932,5,423,477033.98
4,cinza,França,2024,2023,151,4,1,0,1,0,0,Flex,150448,2,432,104354.82
5,branco,França,2024,2023,160,5,1,1,1,0,0,Híbrido,117048,3,533,118147.04
5,verde,Japão,2025,2024,220,5,1,0,1,1,1,Híbrido,126485,3,485,165737.49
1,verde,Itália,2023,2022,88,4,1,0,1,1,0,Flex,215970,2,285,50672.67
1,vermelho,França,2024,2023,83,4,0,0,0,1,1,Flex,49981,1,299,57873.02
6,verde,Inglaterra,2025,2025,284,7,1,1,1,1,0,Elétrico,60418,5,500,372331.21
3,vermelho,França,2023,2022,132,4,1,1,0,0,0,Flex,100286,2,491,108782.48
5,vermelho,Japão,2022,2021,163,5,1,1,0,1,1,Elétrico,129933,2,597,251974.55
2,branco,França,2023,2022,119,4,0,0,0,0,0,Flex,87902,3,355,88848.61
7,azul,Itália,2022,2021,556,7,1,0,0,1,1,Gasolina,90086,5,407,1358403.43
4,azul,Estados Unidos,2026,2025,129,4,1,1,0,1,0,Flex,24553,2,438,109556.52
5,verde,Coreia do Sul,2025,2024,210,5,1,1,1,0,1,Elétrico,132805,4,527,129574.94
4,azul,Japão,2025,2024,142,4,0,1,1,1,0,Híbrido,100256,3,387,100681.58
8,vermelho,Inglaterra,2025,2024,1164,2,1,0,0,0,0,Elétrico,29207,8,139,5675109.71
3,preto,Coreia do Sul,2026,2025,122,4,0,1,0,1,0,Híbrido,23383,3,460,119735.46
5,prata,França,2022,2021,223,5,0,0,0,0,0,Flex,107408,4,488,155761.08
3,cinza,Alemanha,2024,2023,127,4,1,1,0,0,1,Flex,54493,2,462,127506.05
2,verde,Coreia do Sul,2024,2024,117,4,1,1,0,0,0,Flex,25285,3,341,81950.37
1,verde,Japão,2026,2025,70,4,1,0,0,1,1,Flex,16505,1,235,65573.3
8,preto,Inglaterra,2025,2025,1007,2,1,1,0,1,1,Híbrido,25251,9,149,7550115.75
6,preto,Inglaterra,2024,2024,253,7,0,0,1,1,1,Flex,146145,5,486,236219.04
5,prata,Japão,2026,2025,244,5,1,1,0,0,1,Elétrico,23102,2,456,186405.84
4,prata,Japão,2022,2022,126,4,0,0,1,1,0,Híbrido,190599,3,409,110450.58
7,prata,Alemanha,2022,2022,470,5,1,0,0,0,1,Elétrico,97472,7,404,1331975.02
1,azul,Coreia do Sul,2024,2024,81,4,1,1,1,1,0,Flex,76372,3,225,46508.84
6,azul,Alemanha,2022,2021,319,7,0,0,1,1,1,Elétrico,333042,6,584,357574.19
2,prata,França,2025,2025,109,4,0,1,1,0,1,Flex,41140,1,365,69761.77
8,preto,Inglaterra,2023,2023,893,2,0,1,0,0,0,Gasolina,51297,8,117,1732070.51
4,branco,Coreia do Sul,2024,2024,142,4,0,1,1,1,1,Flex,118488,2,366,115755.14
2,cinza,Alemanha,2023,2022,108,4,1,0,0,0,1,Flex,74092,1,308,103193.61
4,preto,Estados Unidos,2023,2023,121,4,0,0,0,1,0,Híbrido,80603,2,421,126948.16
7,vermelho,Estados Unidos,2024,2023,482,5,1,0,1,1,0,Híbrido,149129,7,456,1104332.58
4,prata,Coreia do Sul,2026,2025,148,4,0,1,0,1,0,Híbrido,21529,3,362,129117.75
6,preto,Alemanha,2024,2023,303,5,0,0,1,1,0,Híbrido,148072,5,524,399254.43
7,branco,Inglaterra,2025,2025,584,7,0,0,1,1,0,Gasolina,63879,5,428,688384.94
2,vermelho,Japão,2023,2022,114,4,1,1,0,0,1,Flex,62529,2,375,69341.11
6,cinza,Alemanha,2026,2025,269,7,0,0,1,0,0,Elétrico,54642,5,539,262786.58
3,vermelho,Coreia do Sul,2025,2025,113,4,1,0,0,1,0,Híbrido,25266,1,452,108856.92
5,azul,França,2023,2022,250,5,0,0,1,1,1,Híbrido,281034,3,545,186433.58
7,azul,Itália,2023,2023,595,5,0,0,1,0,1,Elétrico,189136,7,426,440958.14
3,vermelho,Coreia do Sul,2026,2025,136,4,1,1,0,1,1,Flex,23613,2,451,98009.36
6,prata,Alemanha,2022,2022,379,5,0,1,0,1,0,Híbrido,68604,5,591,281358.37
3,branco,Alemanha,2025,2025,122,4,1,1,0,0,1,Híbrido,19056,2,490,90560.83
2,azul,Japão,2024,2023,90,4,0,0,1,1,1,Flex,160427,3,309,68049.6
8,verde,Alemanha,2022,2021,1379,2,0,0,0,1,1,Gasolina,83974,9,98,5007753.36
2,branco,França,2022,2021,95,4,0,1,1,1,0,Flex,260963,2,317,56224.59
1,verde,Itália,2023,2023,78,4,1,0,1,0,0,Flex,122018,3,212,56443.56
5,preto,Alemanha,2025,2024,167,5,1,1,1,0,0,Elétrico,143482,4,551,99841.28
4,preto,Alemanha,2024,2023,125,4,0,0,0,0,0,Híbrido,40885,3,411,117662.19
4,verde,França,2026,2025,142,4,0,0,0,1,1,Flex,17760,3,427,163452.7
7,branco,Inglaterra,2025,2025,359,7,0,0,0,0,1,Gasolina,20419,5,422,1134743.59
6,branco,Estados Unidos,2023,2023,268,7,0,0,0,1,0,Híbrido,56822,6,551,296024.96
6,vermelho,Estados Unidos,2024,2023,300,7,0,0,1,0,0,Elétrico,212867,5,530,321187.9
2,prata,Coreia do Sul,2023,2023,101,4,0,1,1,1,0,Flex,126390,1,344,61179.4
7,prata,Inglaterra,2025,2024,583,5,0,0,1,0,1,Híbrido,116274,7,463,854189.35
3,preto,Japão,2023,2022,118,4,0,1,1,0,1,Flex,154049,2,521,87161.04
5,verde,Estados Unidos,2025,2024,195,5,1,1,0,0,0,Híbrido,37943,3,465,159405.71
1,preto,Coreia do Sul,2026,2025,80,4,0,1,1,0,0,Flex,66503,1,281,42800.0
2,vermelho,Japão,2026,2025,112,4,0,0,0,0,0,Flex,23174,2,329,85146.93
4,vermelho,Coreia do Sul,2025,2025,154,4,0,0,1,1,0,Híbrido,48042,2,353,117099.07
2,azul,Japão,2024,2024,107,4,0,0,0,0,1,Flex,50025,3,365,85676.59
5,prata,Alemanha,2025,2024,184,5,0,0,1,1,1,Elétrico,119962,2,537,190165.12
1,azul,Japão,2024,2023,86,4,1,0,0,0,0,Flex,74182,1,232,57806.36
4,prata,Alemanha,2023,2022,138,4,1,0,1,1,0,Flex,277625,2,395,135671.8
7,azul,Inglaterra,2026,2025,505,7,0,1,0,1,0,Elétrico,13544,5,489,848544.81
3,prata,França,2026,2025,118,4,1,1,1,1,0,Flex,54649,2,469,83239.06
1,azul,Coreia do Sul,2026,2025,88,4,1,0,0,0,1,Flex,18539,3,250,66897.29
7,prata,Estados Unidos,2023,2022,473,7,0,1,0,0,0,Elétrico,103298,5,498,854134.24
6,branco,Inglaterra,2024,2024,373,5,1,0,1,0,0,Híbrido,107813,6,597,256779.02
2,azul,França,2022,2021,114,4,1,1,0,0,0,Flex,109402,3,372,69481.64
3,prata,França,2023,2022,125,4,0,0,1,0,0,Flex,320135,2,480,57108.28
5,cinza,Coreia do Sul,2023,2023,218,5,1,1,0,1,1,Híbrido,46691,4,582,216150.45
8,verde,Estados Unidos,2022,2021,1431,2,1,0,0,0,0,Elétrico,128489,6,193,6861550.08
8,verde,Estados Unidos,2024,2024,1007,2,1,0,0,1,1,Gasolina,37082,8,132,8412735.64
8,vermelho,Alemanha,2026,2025,1373,2,1,1,0,0,0,Elétrico,15269,6,88,3247011.18
5,verde,Coreia do Sul,2023,2022,184,5,0,1,0,1,1,Flex,69940,3,568,222688.26
4,verde,Coreia do Sul,2026,2025,144,4,1,1,1,0,0,Flex,51860,2,404,100539.99
5,prata,Japão,2024,2024,188,5,0,0,1,0,0,Elétrico,130485,2,590,150236.83
2,vermelho,Japão,2025,2025,96,4,1,1,1,1,0,Flex,61147,3,357,70120.85
5,preto,Alemanha,2024,2024,194,5,0,1,0,0,1,Elétrico,39900,3,517,209385.43
1,verde,Japão,2026,2025,71,4,1,1,1,1,1,Flex,50903,3,259,51194.76
6,preto,Inglaterra,2026,2025,284,5,0,0,0,1,1,Flex,26334,6,477,484757.21
4,vermelho,Alemanha,2024,2024,143,4,1,0,0,0,1,Flex,29720,3,397,119163.43
3,verde,Alemanha,2024,2024,119,4,0,1,0,1,1,Flex,32228,1,503,104629.23
6,verde,Estados Unidos,2022,2021,375,7,0,0,1,0,1,Flex,218505,6,534,372277.66
8,prata,Alemanha,2026,2025,860,2,1,1,0,1,0,Gasolina,26386,6,146,5378707.62
6,azul,Alemanha,2025,2025,388,7,1,1,0,1,0,Híbrido,16777,6,576,405968.14
6,verde,Inglaterra,2026,2025,333,7,1,1,0,0,1,Flex,12705,5,472,287544.79
7,azul,Itália,2022,2022,391,5,1,1,1,0,0,Híbrido,228943,5,425,733149.6
2,preto,Alemanha,2025,2025,117,4,1,0,1,0,0,Flex,48656,3,371,90534.89
7,vermelho,Itália,2024,2023,542,5,1,1,0,0,1,Híbrido,55005,5,404,1057904.92
8,cinza,Alemanha,2025,2024,1168,2,0,0,0,0,0,Híbrido,29894,8,83,6338224.22
6,preto,Alemanha,2024,2023,258,5,1,1,1,0,0,Flex,166751,5,487,174045.52
2,verde,Japão,2026,2025,98,4,1,1,1,1,0,Flex,56952,1,383,53434.1
7,verde,Itália,2026,2025,584,5,0,0,1,0,0,Híbrido,66416,5,464,489166.93
7,cinza,Inglaterra,2025,2024,549,5,0,1,0,1,0,Gasolina,49200,7,490,844650.61
5,verde,Estados Unidos,2022,2022,217,5,0,0,1,1,1,Elétrico,282338,3,516,165551.64
1,branco,Itália,2026,2025,70,4,0,0,0,1,1,Flex,26091,1,206,67235.26
3,azul,Alemanha,2025,2025,120,4,0,1,0,1,0,Flex,16317,3,486,81019.97
8,azul,Itália,2022,2022,1390,2,1,1,0,1,1,Elétrico,78963,8,197,7883221.6
2,prata,Alemanha,2022,2021,113,4,0,0,1,0,1,Flex,263048,3,385,72122.56
2,prata,Alemanha,2026,2025,106,4,0,0,0,1,1,Flex,25787,2,358,86696.34
4,branco,França,2025,2025,124,4,1,0,1,0,0,Flex,61328,2,442,107826.65
3,azul,Coreia do Sul,2022,2022,130,4,0,0,0,0,1,Híbrido,62600,1,484,129561.95
4,branco,França,2026,2025,129,4,1,1,1,1,1,Flex,47642,2,386,105467.05
5,preto,Japão,2025,2025,197,5,0,1,0,1,1,Flex,18818,4,533,212244.08
8,branco,Inglaterra,2022,2022,918,2,0,1,0,0,0,Híbrido,97850,9,179,3465260.16
5,branco,França,2022,2022,215,5,1,1,1,0,1,Híbrido,260363,3,524,104160.4
8,verde,Alemanha,2022,2022,1482,2,0,0,0,1,1,Gasolina,106664,8,88,4547933.32
4,vermelho,Japão,2026,2025,152,4,1,0,0,0,1,Flex,20130,3,359,168707.87
3,cinza,Coreia do Sul,2022,2022,116,4,1,0,0,1,1,Flex,83170,2,452,124125.44
4,verde,Japão,2022,2022,160,4,1,0,0,0,0,Flex,92302,3,356,145373.66
5,azul,Alemanha,2024,2024,162,5,0,1,0,0,0,Flex,34385,3,553,170082.74
8,verde,Alemanha,2026,2025,842,2,0,1,0,0,1,Elétrico,21430,8,183,5153653.48
4,cinza,França,2026,2025,148,4,0,0,1,1,1,Híbrido,75309,3,368,121234.23
1,branco,França,2026,2025,83,4,1,1,1,0,0,Flex,52734,2,275,43945.64
3,vermelho,Japão,2026,2025,129,4,1,1,1,1,1,Flex,77318,3,522,73697.71
1,azul,Japão,2025,2024,83,4,0,0,1,0,0,Flex,119391,3,297,42800.0
4,prata,Estados Unidos,2024,2023,134,4,1,0,1,0,1,Híbrido,180783,3,424,105039.67
4,vermelho,Japão,2022,2022,127,4,1,1,1,0,1,Híbrido,248975,2,420,110597.11
5,azul,Alemanha,2025,2025,173,5,0,0,1,0,1,Elétrico,51239,3,560,148406.11
3,azul,Japão,2023,2023,114,4,0,1,0,1,1,Híbrido,66222,3,466,113532.22
8,azul,Estados Unidos,2026,2025,1333,2,0,1,0,1,1,Elétrico,23240,9,129,5753583.96
2,azul,Coreia do Sul,2022,2022,109,4,1,1,0,0,0,Flex,101389,3,395,87945.37
6,cinza,Alemanha,2024,2023,385,7,0,1,0,0,0,Híbrido,60981,5,462,378789.02
2,prata,Alemanha,2024,2023,116,4,0,1,1,0,0,Flex,234245,2,389,42800.0
1,vermelho,China,2022,2022,75,4,0,0,0,1,0,Flex,64592,3,271,62727.48
3,vermelho,Coreia do Sul,2024,2024,133,4,1,1,1,1,1,Híbrido,99281,2,510,68857.22
1,verde,França,2023,2023,87,4,0,0,0,0,1,Flex,71819,1,252,50979.34
1,vermelho,França,2023,2022,80,4,1,0,1,1,1,Flex,248761,3,265,53530.43
3,cinza,Alemanha,2024,2024,113,4,1,1,0,0,1,Flex,46598,3,456,117847.68
3,preto,França,2024,2023,136,4,0,1,1,0,0,Flex,121207,1,469,88714.17
5,preto,Japão,2026,2025,236,5,1,1,1,1,0,Elétrico,70289,4,548,171365.81
5,branco,Japão,2022,2021,179,5,0,1,1,1,1,Flex,375213,4,579,115253.9
1,vermelho,Coreia do Sul,2023,2023,73,4,1,1,0,1,1,Flex,79646,2,251,55422.27
7,branco,Estados Unidos,2023,2023,369,5,1,0,1,1,0,Gasolina,166807,7,408,618413.65
4,preto,Alemanha,2026,2025,149,4,0,0,0,1,0,Híbrido,22734,3,420,157317.52
5,cinza,Estados Unidos,2024,2023,226,5,0,1,1,1,0,Híbrido,222188,2,557,156529.6
1,cinza,Itália,2024,2023,74,4,1,0,0,0,0,Flex,69795,1,249,52464.38
1,vermelho,Coreia do Sul,2024,2024,84,4,1,1,1,0,0,Flex,82490,3,249,42800.0
5,cinza,Japão,2024,2024,176,5,1,0,0,0,1,Híbrido,42047,4,558,280451.63
5,verde,França,2024,2024,219,5,0,1,0,0,0,Híbrido,45017,3,543,196715.34
2,verde,França,2025,2025,94,4,0,1,0,0,0,Flex,17764,3,327,88275.15
6,branco,Japão,2025,2025,397,5,1,0,0,0,0,Híbrido,16318,5,498,409913.01
8,preto,Itália,2024,2023,1108,2,1,1,0,0,0,Elétrico,78235,6,86,2059207.48
3,azul,França,2025,2025,135,4,0,1,0,0,1,Flex,18518,2,483,112158.65
5,cinza,França,2025,2024,197,5,1,1,0,0,0,Híbrido,49316,4,462,179921.15
4,prata,Coreia do Sul,2023,2022,122,4,1,1,0,1,1,Flex,107219,2,383,151168.74
7,preto,Inglaterra,2026,2025,440,5,0,0,1,1,1,Elétrico,42834,7,473,995606.59
5,branco,Estados Unidos,2025,2024,184,5,0,0,1,1,1,Híbrido,140257,4,482,170467.35
5,preto,Japão,2025,2024,244,5,1,1,0,1,1,Elétrico,33838,2,531,204423.68
2,prata,Alemanha,2022,2021,104,4,0,0,0,1,0,Flex,83981,2,384,76811.51
7,cinza,Alemanha,2022,2022,372,7,1,1,1,0,0,Gasolina,188181,5,427,553430.56
1,verde,França,2025,2024,73,4,1,0,1,1,0,Flex,82129,1,251,45633.87
3,azul,França,2022,2021,114,4,1,0,0,0,1,Flex,82854,3,501,131721.89
1,branco,Itália,2025,2024,82,4,1,1,1,0,0,Flex,148555,3,267,42800.0
1,azul,Japão,2023,2022,90,4,1,0,0,0,1,Flex,53306,2,214,73837.42
1,branco,Coreia do Sul,2026,2025,80,4,0,1,1,0,1,Flex,58857,2,208,42800.0
2,vermelho,Japão,2025,2024,110,4,0,0,1,1,0,Flex,91336,1,338,69793.42
2,vermelho,Japão,2023,2022,115,4,0,1,0,1,0,Flex,76947,1,322,64395.24
1,prata,Itália,2025,2024,84,4,0,1,1,1,1,Flex,116935,3,269,42800.0
6,prata,Alemanha,2023,2022,289,5,0,0,0,1,0,Flex,57875,5,541,369140.33
2,azul,Japão,2022,2022,93,4,0,0,1,1,0,Flex,219507,3,373,69619.37
3,prata,Alemanha,2026,2025,130,4,1,0,1,1,0,Flex,45433,2,520,86061.9
4,preto,Estados Unidos,2025,2024,131,4,1,1,0,0,1,Híbrido,29939,3,442,103696.5
3,branco,Coreia do Sul,2024,2024,119,4,0,1,0,1,0,Híbrido,47677,1,461,94803.29
4,azul,Coreia do Sul,2025,2024,124,4,1,0,1,1,1,Flex,131517,2,381,139510.19
4,cinza,Japão,2023,2022,121,4,0,0,1,1,0,Flex,244900,3,369,88224.4
3,prata,Coreia do Sul,2022,2022,114,4,0,0,1,1,0,Flex,155715,3,457,98457.94
5,vermelho,Coreia do Sul,2023,2023,190,5,0,1,0,1,1,Flex,58012,2,539,200964.5
8,verde,Estados Unidos,2023,2022,1288,2,0,1,0,1,0,Gasolina,54843,8,175,4905056.06
3,prata,Coreia do Sul,2026,2025,112,4,0,0,1,0,0,Híbrido,68408,3,512,86422.84
5,prata,Estados Unidos,2022,2022,184,5,1,1,1,1,1,Elétrico,267523,4,538,156522.64
1,vermelho,China,2024,2024,83,4,1,1,0,1,1,Flex,37444,1,250,63081.42
2,cinza,Alemanha,2024,2024,119,4,0,0,0,1,0,Flex,37477,1,376,95124.92
3,preto,Alemanha,2025,2025,110,4,0,1,0,1,1,Flex,13865,2,518,120550.35
7,prata,Alemanha,2023,2023,555,7,0,1,1,1,1,Híbrido,152729,5,462,357311.72
4,azul,Japão,2023,2022,137,4,0,1,1,1,1,Flex,177407,2,395,80675.91
8,vermelho,Inglaterra,2022,2021,893,2,1,1,0,0,0,Híbrido,109933,9,200,5139088.0
6,vermelho,Inglaterra,2025,2024,392,7,1,0,1,1,0,Flex,88295,6,533,464150.23
7,preto,Inglaterra,2025,2024,366,5,1,0,1,0,0,Gasolina,126321,5,415,723944.47
8,cinza,Estados Unidos,2022,2021,1032,2,0,0,0,0,1,Híbrido,80453,8,98,4678286.66
8,cinza,Inglaterra,2025,2025,986,2,0,1,0,0,1,Híbrido,14074,9,150,3155304.46
8,azul,Alemanha,2022,2021,1263,2,0,1,0,1,1,Gasolina,84707,6,168,3930787.01
8,azul,Itália,2025,2025,1410,2,0,0,0,1,1,Elétrico,24600,8,140,5888726.79
1,cinza,Japão,2022,2021,80,4,0,0,0,0,1,Flex,126467,2,280,48919.4
4,verde,Japão,2025,2025,144,4,1,0,1,0,0,Flex,58292,3,407,91372.74
3,branco,Coreia do Sul,2024,2024,129,4,1,1,0,0,1,Flex,48284,2,461,83408.73
4,verde,França,2023,2022,123,4,0,1,0,0,0,Híbrido,58440,3,435,91345.44
6,branco,Alemanha,2023,2023,372,5,1,1,1,1,1,Flex,123861,5,526,226422.64
2,verde,França,2025,2024,98,4,0,0,1,0,1,Flex,122257,1,355,53672.37
2,prata,França,2022,2021,115,4,0,0,0,0,0,Flex,99885,1,379,96759.78
8,branco,Alemanha,2026,2025,1038,2,0,1,0,0,0,Elétrico,19728,8,153,6028607.03
3,prata,Japão,2026,2025,137,4,1,1,0,0,0,Híbrido,24002,2,511,117832.98
2,prata,Coreia do Sul,2025,2024,96,4,1,1,0,1,0,Flex,35089,1,389,100145.1
7,azul,Inglaterra,2022,2021,371,5,0,0,0,0,1,Elétrico,68291,5,479,1235538.48
4,preto,França,2025,2024,150,4,0,1,0,0,1,Flex,43203,2,447,109962.75
2,branco,França,2023,2022,120,4,1,0,1,0,0,Flex,304450,2,371,84834.55
3,prata,Alemanha,2024,2024,135,4,0,1,1,0,0,Flex,135653,2,518,66078.88
1,prata,China,2025,2025,71,4,0,0,0,0,1,Flex,16848,2,290,43291.03
2,branco,França,2025,2025,114,4,1,0,1,0,1,Flex,62837,3,369,77556.62
6,azul,Japão,2026,2025,348,5,1,0,0,1,1,Elétrico,22655,5,528,331267.9
2,verde,França,2023,2023,90,4,0,1,0,0,0,Flex,42747,3,318,69175.12
7,cinza,Itália,2023,2023,389,5,0,0,1,1,1,Gasolina,196153,7,455,860732.87
7,branco,Alemanha,2026,2025,531,5,1,1,0,0,0,Elétrico,23474,7,439,778869.27
7,prata,Alemanha,2026,2025,481,7,0,1,0,0,1,Gasolina,26926,5,489,952200.58
8,cinza,Itália,2022,2022,1110,2,1,1,0,0,1,Elétrico,77257,8,94,6474496.01
2,preto,Japão,2026,2025,103,4,1,0,0,0,0,Flex,16773,1,381,103390.12
3,cinza,Japão,2022,2021,129,4,1,0,0,0,1,Flex,63202,2,504,139326.6
4,verde,Coreia do Sul,2026,2025,138,4,1,0,0,0,0,Flex,21665,3,373,153288.56
8,prata,Inglaterra,2022,2022,1096,2,0,1,0,1,0,Elétrico,76336,6,149,4653218.52
7,vermelho,Estados Unidos,2022,2021,600,7,1,1,0,1,0,Elétrico,71644,7,483,618905.2
2,cinza,França,2026,2025,94,4,1,0,0,0,1,Flex,12956,3,333,113113.05
2,verde,Japão,2023,2022,114,4,0,1,1,0,1,Flex,275170,3,372,48858.3
3,preto,Japão,2023,2022,116,4,1,0,1,1,0,Flex,196776,3,501,84248.2
1,prata,China,2022,2021,80,4,1,1,1,0,1,Flex,192392,3,287,43131.88
3,verde,Alemanha,2024,2024,124,4,1,1,1,0,1,Flex,125095,3,526,69927.83
2,branco,Alemanha,2024,2024,112,4,1,0,1,0,0,Flex,144272,2,338,82896.83
6,azul,Estados Unidos,2022,2021,345,7,0,1,1,0,1,Híbrido,252515,5,546,160314.87
5,cinza,França,2023,2022,166,5,0,0,1,1,0,Flex,221006,4,533,168650.02
5,vermelho,Japão,2026,2025,187,5,1,0,0,0,1,Flex,15379,4,478,188684.31
4,preto,Japão,2023,2023,139,4,1,1,0,0,1,Flex,75754,3,365,106612.05
6,cinza,Inglaterra,2022,2022,361,5,1,1,0,0,0,Flex,64086,6,598,299409.78
5,branco,Alemanha,2023,2022,191,5,0,0,1,0,1,Flex,298878,4,532,173066.02
4,preto,Coreia do Sul,2026,2025,145,4,0,0,0,1,0,Flex,20914,2,361,122142.23
4,branco,Coreia do Sul,2023,2022,147,4,0,1,1,0,0,Híbrido,229358,3,356,72108.82
5,azul,Estados Unidos,2026,2025,211,5,1,1,1,1,1,Híbrido,59290,2,450,169651.18
2,verde,Alemanha,2024,2024,97,4,1,0,0,0,0,Flex,25630,3,348,106652.37
8,cinza,Inglaterra,2025,2024,917,2,0,0,0,0,1,Gasolina,48637,6,109,8140991.62
3,preto,Alemanha,2022,2021,117,4,0,1,1,1,0,Híbrido,386158,2,505,74435.54
3,verde,França,2023,2023,127,4,0,1,0,1,1,Híbrido,77394,1,527,112156.82
2,prata,Alemanha,2022,2021,114,4,1,1,0,0,1,Flex,83866,3,344,72500.76
7,prata,Estados Unidos,2025,2025,600,5,1,0,0,0,1,Híbrido,25688,5,467,1143965.02
1,prata,Coreia do Sul,2024,2023,83,4,0,0,1,1,0,Flex,146056,2,242,42800.0
1,prata,Japão,2022,2021,75,4,0,1,1,1,0,Flex,288662,3,223,42800.0
1,preto,Itália,2026,2025,79,4,1,1,1,1,1,Flex,66518,3,211,42800.0
6,azul,Estados Unidos,2024,2024,360,7,0,1,0,0,1,Flex,45156,5,581,237558.55
7,verde,Inglaterra,2025,2024,543,5,1,0,1,0,1,Híbrido,105020,5,494,551327.0
7,cinza,Estados Unidos,2025,2024,430,5,0,0,0,0,0,Elétrico,35776,5,500,777974.72
8,azul,Alemanha,2026,2025,882,2,0,1,0,1,1,Gasolina,21196,8,198,2217839.25
5,preto,Alemanha,2022,2022,191,5,1,0,0,1,0,Híbrido,81318,2,568,266486.35
3,azul,Coreia do Sul,2022,2022,131,4,1,1,0,1,1,Híbrido,105287,2,495,123576.72
5,azul,França,2022,2021,216,5,0,1,1,1,0,Flex,368192,3,518,149413.31
8,verde,Alemanha,2024,2024,1243,2,1,1,0,1,0,Elétrico,30249,6,110,2033710.5
4,cinza,Estados Unidos,2025,2025,125,4,1,0,1,1,1,Híbrido,51799,2,395,144646.11
2,prata,Japão,2024,2023,107,4,1,1,1,1,1,Flex,144548,3,304,70889.78
4,cinza,Coreia do Sul,2025,2024,144,4,0,1,1,0,1,Flex,129833,2,354,69445.09
6,verde,Inglaterra,2023,2023,277,7,0,1,0,0,0,Flex,42908,5,524,419834.69
7,preto,Itália,2022,2021,467,7,0,0,1,1,0,Híbrido,240324,7,451,996985.04
3,verde,Coreia do Sul,2024,2024,123,4,0,1,0,1,0,Flex,47293,3,522,97619.64
2,vermelho,França,2024,2023,99,4,0,1,0,0,0,Flex,44758,3,375,76864.23
2,azul,Alemanha,2023,2022,100,4,1,1,0,1,1,Flex,67678,2,334,76087.14
3,preto,Japão,2026,2025,136,4,1,0,1,1,0,Flex,61434,3,515,102701.53
8,azul,Itália,2024,2024,1260,2,0,0,0,1,1,Elétrico,51989,6,87,5375613.64
6,cinza,Alemanha,2023,2022,368,7,1,1,1,1,0,Elétrico,183344,5,511,383081.13
2,branco,Coreia do Sul,2025,2024,108,4,1,0,1,1,1,Flex,151912,1,355,76775.31
7,cinza,Estados Unidos,2022,2022,482,7,1,1,1,0,0,Híbrido,225923,5,466,422166.57
5,branco,Coreia do Sul,2023,2022,224,5,0,1,0,0,0,Elétrico,58715,4,509,143720.93
7,verde,Alemanha,2023,2023,529,5,0,1,0,0,1,Elétrico,43497,5,453,603774.35
5,prata,Japão,2025,2024,215,5,1,1,0,0,0,Híbrido,27365,2,563,134764.45
6,azul,Japão,2023,2023,294,7,0,0,0,1,0,Flex,77469,5,450,345258.66
7,cinza,Estados Unidos,2024,2023,569,5,0,1,1,1,1,Híbrido,154940,5,446,821222.64
2,preto,Japão,2023,2022,99,4,0,0,1,1,1,Flex,219157,2,380,71178.54
2,prata,Coreia do Sul,2022,2021,105,4,0,1,0,0,0,Flex,129971,2,350,75983.01
4,preto,Coreia do Sul,2025,2025,121,4,1,0,1,0,1,Híbrido,55055,2,356,121050.05
1,branco,França,2023,2022,88,4,0,1,1,0,1,Flex,239775,3,239,42800.0
2,cinza,Japão,2022,2022,107,4,1,0,1,1,1,Flex,256196,2,353,59076.8
6,cinza,Japão,2024,2023,348,7,1,0,1,1,0,Híbrido,172617,6,531,381593.52
7,preto,Alemanha,2025,2025,533,5,0,1,1,0,0,Elétrico,49386,7,471,334064.93
5,preto,França,2026,2025,226,5,0,1,1,0,0,Flex,46831,3,578,97253.35
3,verde,França,2022,2022,131,4,1,0,1,1,0,Flex,152832,1,456,83859.79
1,vermelho,França,2022,2022,88,4,0,0,0,1,0,Flex,93915,3,241,60328.92
1,branco,França,2025,2025,90,4,0,1,0,0,1,Flex,17740,1,234,42904.11
1,cinza,Japão,2026,2025,85,4,0,1,0,1,0,Flex,13150,1,223,47886.26
6,cinza,Inglaterra,2025,2025,255,7,0,1,1,1,0,Elétrico,71171,5,582,338043.27
1,verde,Japão,2022,2022,77,4,0,1,0,0,0,Flex,97510,2,200,42800.0
5,vermelho,Japão,2022,2022,230,5,1,1,0,0,1,Flex,71069,3,597,176920.95
7,preto,Alemanha,2025,2024,423,7,1,0,0,1,1,Gasolina,48011,7,409,1455629.11
7,azul,Alemanha,2026,2025,480,5,0,1,0,0,1,Gasolina,19601,7,484,659718.64
1,prata,China,2026,2025,72,4,0,1,0,0,0,Flex,25236,1,275,42800.0
1,prata,Coreia do Sul,2025,2024,77,4,1,0,1,0,0,Flex,126913,2,282,59276.23
4,verde,França,2024,2024,158,4,0,0,0,0,0,Flex,43821,2,402,153079.44
3,cinza,Coreia do Sul,2025,2024,135,4,0,1,1,0,0,Flex,99311,2,512,62819.79
6,prata,Alemanha,2025,2024,302,5,0,1,1,0,0,Híbrido,136139,5,514,279399.89
6,branco,Japão,2023,2022,252,7,0,0,1,0,1,Elétrico,268482,6,466,338366.7
2,preto,Japão,2023,2022,100,4,1,0,0,1,1,Flex,52180,1,332,90920.52
1,verde,Coreia do Sul,2023,2023,86,4,1,0,1,0,0,Flex,148858,3,234,54910.67
5,branco,Alemanha,2022,2022,183,5,0,1,1,0,0,Elétrico,270354,3,458,141693.86
7,vermelho,Inglaterra,2025,2025,558,7,1,0,1,1,1,Elétrico,55989,5,490,701868.11
5,azul,França,2026,2025,222,5,0,1,0,0,0,Elétrico,26187,4,475,154023.21
2,azul,França,2022,2021,93,4,0,0,1,0,1,Flex,349598,1,382,61929.28
1,cinza,Japão,2025,2025,78,4,0,1,0,0,1,Flex,16502,3,291,42800.0
4,azul,Alemanha,2023,2022,157,4,1,0,0,1,1,Híbrido,90843,2,408,129749.98
5,verde,Estados Unidos,2023,2023,180,5,0,1,0,1,0,Híbrido,43887,3,591,185642.46
8,verde,Estados Unidos,2024,2023,1456,2,0,0,0,1,1,Gasolina,79485,6,132,3685406.06
3,branco,Alemanha,2026,2025,134,4,0,0,0,1,1,Híbrido,18154,1,522,124308.77
7,branco,Inglaterra,2023,2022,587,7,0,0,0,1,0,Híbrido,66616,7,440,748620.49
4,cinza,Coreia do Sul,2022,2022,160,4,1,0,0,1,1,Híbrido,75489,3,362,165296.89
1,vermelho,França,2023,2022,76,4,1,0,0,1,0,Flex,85887,2,279,51511.37
4,azul,Estados Unidos,2023,2022,158,4,0,0,1,1,0,Híbrido,214152,3,366,117800.69
6,prata,Inglaterra,2025,2025,285,7,0,0,1,0,0,Híbrido,50624,6,560,359662.23
1,preto,Itália,2022,2021,82,4,0,1,1,1,1,Flex,192441,2,299,42800.0
6,azul,Inglaterra,2023,2022,299,5,1,0,0,0,0,Híbrido,67448,6,587,469012.54
6,verde,Japão,2024,2023,369,7,1,1,0,1,0,Elétrico,68914,6,586,340512.64
4,vermelho,Japão,2025,2024,140,4,0,1,1,1,0,Híbrido,78890,2,443,107211.45
1,preto,Japão,2026,2025,90,4,1,0,0,1,0,Flex,14224,1,215,67392.38
4,verde,Coreia do Sul,2022,2021,146,4,0,1,1,1,1,Flex,286102,2,442,93987.34
1,verde,França,2026,2025,70,4,1,0,1,1,1,Flex,65379,3,246,61073.69
6,vermelho,Alemanha,2025,2024,290,7,0,1,0,0,1,Flex,52862,6,561,329485.6
5,vermelho,França,2024,2024,161,5,1,0,1,0,0,Elétrico,155112,3,518,141380.96
7,azul,Alemanha,2026,2025,370,5,0,0,0,0,1,Gasolina,14958,5,460,613388.84
2,branco,Japão,2026,2025,107,4,1,1,1,1,1,Flex,51624,2,361,73079.83
2,azul,Coreia do Sul,2023,2023,101,4,0,1,1,0,1,Flex,143150,2,325,43046.57
3,preto,Alemanha,2024,2024,121,4,1,1,0,0,0,Híbrido,28632,3,472,111371.61
8,azul,Alemanha,2025,2024,834,2,0,1,0,0,0,Gasolina,48542,9,150,2665776.7
1,branco,China,2025,2025,79,4,1,1,0,0,0,Flex,23412,3,252,49281.81
4,prata,Coreia do Sul,2024,2023,128,4,1,0,1,1,1,Flex,114574,2,411,129362.82
6,azul,Estados Unidos,2025,2024,309,7,0,1,1,0,0,Híbrido,128954,6,458,302725.95
3,verde,França,2024,2023,112,4,1,0,0,1,0,Flex,46029,3,475,151917.53
1,vermelho,Itália,2023,2023,84,4,1,0,1,0,0,Flex,172414,1,254,42800.0
5,verde,Japão,2026,2025,242,5,1,0,1,0,0,Flex,73344,2,557,196270.38
8,cinza,Inglaterra,2025,2025,1280,2,1,1,0,1,0,Gasolina,12611,6,139,2017691.17
7,verde,Estados Unidos,2026,2025,357,5,1,0,1,1,0,Elétrico,64757,7,405,775173.55
4,azul,Coreia do Sul,2022,2022,127,4,0,1,1,0,0,Flex,196929,3,395,111029.99
4,azul,Coreia do Sul,2022,2021,149,4,0,1,0,0,1,Flex,89011,3,389,140449.66
6,verde,Japão,2022,2021,336,5,0,0,1,0,1,Híbrido,216412,6,503,219950.07
4,prata,Alemanha,2024,2023,152,4,1,1,0,0,0,Híbrido,55376,2,414,110307.98
8,branco,Itália,2022,2021,1482,2,0,0,0,0,0,Elétrico,114635,6,140,3787370.2
5,verde,Alemanha,2025,2024,187,5,0,1,1,0,0,Híbrido,153324,2,578,159245.15
5,verde,Japão,2024,2024,172,5,0,1,0,0,0,Híbrido,48446,4,474,124129.63
7,vermelho,Estados Unidos,2025,2024,371,7,1,1,1,1,1,Gasolina,128407,7,434,703053.66
3,vermelho,Coreia do Sul,2023,2022,110,4,1,1,0,1,1,Flex,105488,3,509,95855.34
4,preto,Coreia do Sul,2024,2023,154,4,1,0,0,0,1,Flex,76023,2,446,179439.34
6,preto,Estados Unidos,2026,2025,343,5,1,0,0,1,0,Flex,22187,5,485,375875.69
6,azul,Alemanha,2024,2024,400,5,1,0,0,1,0,Elétrico,30297,5,502,397284.1
3,branco,Japão,2024,2023,122,4,1,0,1,1,1,Híbrido,230699,2,514,78323.51
1,vermelho,China,2023,2022,86,4,0,1,1,0,0,Flex,242242,1,223,42800.0
8,vermelho,Estados Unidos,2024,2023,1100,2,0,0,0,0,0,Gasolina,41547,8,137,6970142.56
7,prata,Alemanha,2022,2022,476,5,0,1,0,1,1,Elétrico,101948,5,456,1000093.57
2,branco,Alemanha,2023,2023,114,4,1,1,0,1,1,Flex,73509,1,360,75151.95
1,verde,Japão,2024,2024,76,4,0,1,1,1,1,Flex,107779,1,216,43849.7
7,vermelho,Itália,2024,2024,454,7,0,0,0,1,0,Elétrico,46260,5,419,1052236.97
1,azul,França,2026,2025,79,4,0,0,1,1,0,Flex,75803,2,209,47295.64
3,branco,França,2023,2022,120,4,0,0,1,1,0,Flex,224430,2,451,95531.64
5,prata,Coreia do Sul,2026,2025,244,5,1,0,1,0,0,Híbrido,43509,2,522,214388.05
6,prata,Japão,2022,2021,258,5,0,0,1,0,1,Flex,210838,6,464,354138.9
5,vermelho,Coreia do Sul,2023,2022,201,5,1,1,1,1,1,Híbrido,272508,3,471,106276.3
5,verde,Estados Unidos,2024,2023,241,5,0,0,0,1,0,Elétrico,45229,4,471,213261.36
8,branco,Inglaterra,2022,2022,1239,2,0,0,0,0,1,Elétrico,89190,9,197,8079545.72
